{
    "departamentos": [{
            "codigo": "AMZ",
            "abreviatura": "AMZ",
            "nombre": "Amazonas",
            "municipios": [
                { "codigo": "91263000", "nombre": "El Encanto" },
                { "codigo": "91405000", "nombre": "La Chorrera" },
                { "codigo": "91407000", "nombre": "La Pedrera" },
                { "codigo": "91430000", "nombre": "La Victoria" },
                { "codigo": "91460000", "nombre": "Miriti - Parana" },
                { "codigo": "91530000", "nombre": "Puerto Alegria" },
                { "codigo": "91536000", "nombre": "Puerto Arica" },
                { "codigo": "91540000", "nombre": "Puerto Nariño" },
                { "codigo": "91669000", "nombre": "Puerto Santander" },
                { "codigo": "91798000", "nombre": "Tarapaca" }
            ]
        },
        {
            "codigo": "ANT",
            "abreviatura": "ANT",
            "nombre": "Antioquia",
            "municipios": [
                { "codigo": "05002000", "nombre": "Abejorral" },
                { "codigo": "05004000", "nombre": "Abriaqui" },
                { "codigo": "05021000", "nombre": "Alejandria" },
                { "codigo": "05030000", "nombre": "Amaga" },
                { "codigo": "05031000", "nombre": "Amalfi" },
                { "codigo": "05034000", "nombre": "Andes" },
                { "codigo": "05036000", "nombre": "Angelopolis" },
                { "codigo": "05038000", "nombre": "Angostura" },
                { "codigo": "05040000", "nombre": "Anori" },
                { "codigo": "05044000", "nombre": "Anza" },
                { "codigo": "05045000", "nombre": "Apartado" },
                { "codigo": "05051000", "nombre": "Arboletes" },
                { "codigo": "05055000", "nombre": "Argelia" },
                { "codigo": "05079000", "nombre": "Barbosa" },
                { "codigo": "05088000", "nombre": "Bello" },
                { "codigo": "05086000", "nombre": "Belmira" },
                { "codigo": "05091000", "nombre": "Betania" },
                { "codigo": "05093000", "nombre": "Betulia" },
                { "codigo": "05107000", "nombre": "Briceño" },
                { "codigo": "05113000", "nombre": "Buritica" },
                { "codigo": "05120000", "nombre": "Caceres" },
                { "codigo": "05125000", "nombre": "Caicedo" },
                { "codigo": "05129000", "nombre": "Caldas" },
                { "codigo": "05134000", "nombre": "Campamento" },
                { "codigo": "05138000", "nombre": "Cañasgordas" },
                { "codigo": "05142000", "nombre": "Caracoli" },
                { "codigo": "05145000", "nombre": "Caramanta" },
                { "codigo": "05147000", "nombre": "Carepa" },
                { "codigo": "05148000", "nombre": "Carmen De Viboral" },
                { "codigo": "05150000", "nombre": "Carolina del principe" },
                { "codigo": "05893000", "nombre": "Casabe Yondo" },
                { "codigo": "05154000", "nombre": "Caucasia" },
                { "codigo": "05172000", "nombre": "Chigorodo" },
                { "codigo": "05190000", "nombre": "Cisneros" },
                { "codigo": "05101000", "nombre": "Ciudad Bolivar" },
                { "codigo": "05197000", "nombre": "Cocorna" },
                { "codigo": "05206000", "nombre": "Concepcion" },
                { "codigo": "05209000", "nombre": "Concordia" },
                { "codigo": "05212000", "nombre": "Copacabana" },
                { "codigo": "05234000", "nombre": "Dabeiba" },
                { "codigo": "05237000", "nombre": "Don Matias" },
                { "codigo": "05240000", "nombre": "Ebejico" },
                { "codigo": "05250000", "nombre": "El Bagre" },
                { "codigo": "05264000", "nombre": "Entrerrios" },
                { "codigo": "05266000", "nombre": "Envigado" },
                { "codigo": "05282000", "nombre": "Fredonia" },
                { "codigo": "05284000", "nombre": "Frontino" },
                { "codigo": "05306000", "nombre": "Giraldo" },
                { "codigo": "05308000", "nombre": "Girardota" },
                { "codigo": "05310000", "nombre": "Gomez Plata" },
                { "codigo": "05313000", "nombre": "Granada" },
                { "codigo": "05315000", "nombre": "Guadalupe" },
                { "codigo": "05318000", "nombre": "Guarne" },
                { "codigo": "05321000", "nombre": "Guatape" },
                { "codigo": "05347000", "nombre": "Heliconia" },
                { "codigo": "05353000", "nombre": "Hispania" },
                { "codigo": "05360000", "nombre": "Itagui" },
                { "codigo": "05361000", "nombre": "Ituango" },
                { "codigo": "05364000", "nombre": "Jardin" },
                { "codigo": "05364000", "nombre": "Jardin Suroeste" },
                { "codigo": "05368000", "nombre": "Jerico" },
                { "codigo": "05376000", "nombre": "La Ceja" },
                { "codigo": "05380000", "nombre": "La Estrella" },
                { "codigo": "05390000", "nombre": "La Pintada" },
                { "codigo": "05380007", "nombre": "La Tablaza" },
                { "codigo": "05400000", "nombre": "La Union" },
                { "codigo": "05411000", "nombre": "Liborina" },
                { "codigo": "05425000", "nombre": "Maceo" },
                { "codigo": "05440000", "nombre": "Marinilla" },
                { "codigo": "05001000", "nombre": "Medellín" },
                { "codigo": "05467000", "nombre": "Montebello" },
                { "codigo": "05475000", "nombre": "Murindo" },
                { "codigo": "05480000", "nombre": "Mutata" },
                { "codigo": "05483000", "nombre": "Nariño" },
                { "codigo": "05495000", "nombre": "Nechi" },
                { "codigo": "05490000", "nombre": "Necocli" },
                { "codigo": "05501000", "nombre": "Olaya" },
                { "codigo": "05541000", "nombre": "Peñol" },
                { "codigo": "05543000", "nombre": "Peque" },
                { "codigo": "05576000", "nombre": "Pueblorrico" },
                { "codigo": "05579000", "nombre": "Puerto Berrio" },
                { "codigo": "05585000", "nombre": "Puerto Nare" },
                { "codigo": "05591000", "nombre": "Puerto Triunfo" },
                { "codigo": "05604000", "nombre": "Remedios" },
                { "codigo": "05607000", "nombre": "Retiro" },
                { "codigo": "05615000", "nombre": "Rionegro" },
                { "codigo": "05628000", "nombre": "Sabanalarga" },
                { "codigo": "05631000", "nombre": "Sabaneta" },
                { "codigo": "05642000", "nombre": "Salgar" },
                { "codigo": "05647000", "nombre": "San Andres" },
                { "codigo": "05649000", "nombre": "San Carlos" },
                { "codigo": "05652000", "nombre": "San Francisco" },
                { "codigo": "05656000", "nombre": "San Jeronimo" },
                { "codigo": "05658000", "nombre": "San Jose De La Montaña" },
                { "codigo": "05659000", "nombre": "San Juan De Uraba" },
                { "codigo": "05660000", "nombre": "San Luis" },
                { "codigo": "05664000", "nombre": "San Pedro" },
                { "codigo": "05665000", "nombre": "San Pedro De Uraba" },
                { "codigo": "05667000", "nombre": "San Rafael" },
                { "codigo": "05670000", "nombre": "San Roque" },
                { "codigo": "05674000", "nombre": "San Vicente" },
                { "codigo": "05679000", "nombre": "Santa Barbara" },
                { "codigo": "05686000", "nombre": "Santa Rosa De Osos" },
                { "codigo": "05042000", "nombre": "Santafe De Antioquia" },
                { "codigo": "05690000", "nombre": "Santo Domingo" },
                { "codigo": "05697000", "nombre": "El Santuario" },
                { "codigo": "05736000", "nombre": "Segovia" },
                { "codigo": "05756000", "nombre": "Sonson" },
                { "codigo": "05761000", "nombre": "Sopetran" },
                { "codigo": "05789000", "nombre": "Tamesis" },
                { "codigo": "05790000", "nombre": "Taraza" },
                { "codigo": "05792000", "nombre": "Tarso" },
                { "codigo": "05809000", "nombre": "Titiribi" },
                { "codigo": "05819000", "nombre": "Toledo" },
                { "codigo": "05837000", "nombre": "Turbo" },
                { "codigo": "05842000", "nombre": "Uramita" },
                { "codigo": "05847000", "nombre": "Urrao" },
                { "codigo": "05854000", "nombre": "Puerto Valdivia" },
                { "codigo": "15104000", "nombre": "Boyaca" },
                { "codigo": "05856000", "nombre": "Valparaiso" },
                { "codigo": "05854000", "nombre": "Valdivia" },
                { "codigo": "05854000", "nombre": "Puerto Valdivia" },
                { "codigo": "05858000", "nombre": "Vegachi" },
                { "codigo": "05861000", "nombre": "Venecia" },
                { "codigo": "05873000", "nombre": "Vigia Del Fuerte" },
                { "codigo": "05885000", "nombre": "Yali" },
                { "codigo": "05887000", "nombre": "Yarumal" },
                { "codigo": "05890000", "nombre": "Yolombo" },
                { "codigo": "05893000", "nombre": "Yondo" },
                { "codigo": "05895000", "nombre": "Zaragoza" },
                { "codigo": "05059000", "nombre": "Armenia mantequilla" },
                { "codigo": "05000012", "nombre": "Bolombolo" },
                { "codigo": "05000013", "nombre": "Carolina del principe" },
                { "codigo": "05837001", "nombre": "Currulao" },
                { "codigo": "05591004", "nombre": "Doradal" },
                { "codigo": "05148000", "nombre": "El carmen de viboral" },
                { "codigo": "05000017", "nombre": "El doce" },
                { "codigo": "05541000", "nombre": "El peñol" },
                { "codigo": "05000020", "nombre": "El tigre" },
                { "codigo": "05000021", "nombre": "El tres" },
                { "codigo": "05000024", "nombre": "La cruzada" },
                { "codigo": "05585003", "nombre": "La sierra" },
                { "codigo": "05000027", "nombre": "Llanadas" },
                { "codigo": "05000028", "nombre": "Llanos de cuiva" },
                { "codigo": "05837002", "nombre": "Nueva colonia" },
                { "codigo": "05000030", "nombre": "Palermo" },
                { "codigo": "05000031", "nombre": "Palmitas" },
                { "codigo": "05000032", "nombre": "Puerto belgica" },
                { "codigo": "05000034", "nombre": "San andres de cuerquia" },
                { "codigo": "05001002", "nombre": "San antonio de prado" },
                { "codigo": "05000036", "nombre": "San jose del nus" },
                { "codigo": "05000037", "nombre": "San miguel" },
                { "codigo": "05664000", "nombre": "San Pedro De Los Milagros" },
                { "codigo": "05000039", "nombre": "Santa elena" },
                { "codigo": "05000040", "nombre": "Santa isabell" },
                { "codigo": "05000041", "nombre": "Santiago" },
                { "codigo": "05000042", "nombre": "Sevilla" },
                { "codigo": "05000043", "nombre": "Versalles" },
                { "codigo": "05893000", "nombre": "Yondo casabe" },
                { "codigo": "05000045", "nombre": "Zungo carretera" }
            ]
        },
        {
            "codigo": "ARU",
            "abreviatura": "ARU",
            "nombre": "Arauca",
            "municipios": [
                { "codigo": "81001000", "nombre": "Arauca" },
                { "codigo": "81065000", "nombre": "Arauquita" },
                { "codigo": "81220000", "nombre": "Cravo Norte" },
                { "codigo": "81300000", "nombre": "Fortul" },
                { "codigo": "81591000", "nombre": "Puerto Rondon" },
                { "codigo": "81736000", "nombre": "Saravena" },
                { "codigo": "81794000", "nombre": "Tame" },
                { "codigo": "81000010", "nombre": "La esmeralda" },
                { "codigo": "81000011", "nombre": "La pesquera" },
                { "codigo": "81000012", "nombre": "Puerto nariño" }
            ]
        },
        {
            "codigo": "ATL",
            "abreviatura": "ATL",
            "nombre": "Atlántico",
            "municipios": [
                { "codigo": "08078000", "nombre": "Baranoa" },
                { "codigo": "08001000", "nombre": "Barranquilla" },
                { "codigo": "08137000", "nombre": "Campo De La Cruz" },
                { "codigo": "08141000", "nombre": "Candelaria" },
                { "codigo": "08296000", "nombre": "Galapa" },
                { "codigo": "08372000", "nombre": "Juan De Acosta" },
                { "codigo": "08421000", "nombre": "Luruaco" },
                { "codigo": "08433000", "nombre": "Malambo" },
                { "codigo": "08436000", "nombre": "Manati" },
                { "codigo": "08520000", "nombre": "Palmar De Varela" },
                { "codigo": "08549000", "nombre": "Piojo" },
                { "codigo": "08558000", "nombre": "Polonuevo" },
                { "codigo": "08560000", "nombre": "Ponedera" },
                { "codigo": "08573000", "nombre": "Puerto Colombia" },
                { "codigo": "08606000", "nombre": "Repelon" },
                { "codigo": "08634000", "nombre": "Sabanagrande" },
                { "codigo": "08638000", "nombre": "Sabanalarga" },
                { "codigo": "08675000", "nombre": "Santa Lucia" },
                { "codigo": "08685000", "nombre": "Santo Tomas" },
                { "codigo": "08758000", "nombre": "Soledad" },
                { "codigo": "08770000", "nombre": "Suan" },
                { "codigo": "08832000", "nombre": "Tubara" },
                { "codigo": "08849000", "nombre": "Usiacuri" },
                { "codigo": "08000010", "nombre": "Arroyo de piedra" },
                { "codigo": "08078001", "nombre": "Campeche" },
                { "codigo": "08000012", "nombre": "Isabel lopez" },
                { "codigo": "08001001", "nombre": "Juan mina" },
                { "codigo": "08000014", "nombre": "La peña" },
                { "codigo": "08000015", "nombre": "Molineros" },
                { "codigo": "08000016", "nombre": "Playa mendoza" },
                { "codigo": "08000017", "nombre": "Puerto giraldo" },
                { "codigo": "08000018", "nombre": "Salgar" },
                { "codigo": "08000019", "nombre": "Santa veronica" }
            ]
        },
        {
            "codigo": "BOG",
            "abreviatura": "BOG",
            "nombre": "Bogotá D.C.",
            "municipios": [
                { "codigo": "11001000", "nombre": "Bogotá" }
            ]
        },
        {
            "codigo": "BOL",
            "abreviatura": "BOL",
            "nombre": "Bolívar",
            "municipios": [
                { "codigo": "13006000", "nombre": "Achi" },
                { "codigo": "13030000", "nombre": "Altos Del Rosario" },
                { "codigo": "13042000", "nombre": "Arenal" },
                { "codigo": "13052000", "nombre": "Arjona" },
                { "codigo": "13074000", "nombre": "Barranco De Loba" },
                { "codigo": "13140000", "nombre": "Calamar" },
                { "codigo": "13160000", "nombre": "Cantagallo" },
                { "codigo": "13244000", "nombre": "Carmen De Bolivar" },
                { "codigo": "13001000", "nombre": "Cartagena" },
                { "codigo": "13188000", "nombre": "Cicuco" },
                { "codigo": "13222000", "nombre": "Clemencia" },
                { "codigo": "13212000", "nombre": "Cordoba" },
                { "codigo": "13248000", "nombre": "El Guamo" },
                { "codigo": "13268000", "nombre": "El Peñon" },
                { "codigo": "13300000", "nombre": "Hatillo De Loba" },
                { "codigo": "13430000", "nombre": "Magangue" },
                { "codigo": "13433000", "nombre": "Mahates" },
                { "codigo": "13440000", "nombre": "Margarita" },
                { "codigo": "13442000", "nombre": "Maria La Baja" },
                { "codigo": "13468000", "nombre": "Mompos" },
                { "codigo": "13458000", "nombre": "Montecristo" },
                { "codigo": "13473000", "nombre": "Morales" },
                { "codigo": "13549000", "nombre": "Pinillos" },
                { "codigo": "13580000", "nombre": "Regidor" },
                { "codigo": "13600000", "nombre": "Rio Viejo" },
                { "codigo": "13620000", "nombre": "San Cristobal" },
                { "codigo": "13647000", "nombre": "San Estanislao" },
                { "codigo": "13650000", "nombre": "San Fernando" },
                { "codigo": "13654000", "nombre": "San Jacinto" },
                { "codigo": "13655000", "nombre": "San Jacinto Del Cauca" },
                { "codigo": "13657000", "nombre": "San Juan Nepomuceno" },
                { "codigo": "13667000", "nombre": "San Martin De Loba" },
                { "codigo": "13670000", "nombre": "San Pablo" },
                { "codigo": "13673000", "nombre": "Santa Catalina" },
                { "codigo": "13683000", "nombre": "Santa Rosa" },
                { "codigo": "13688000", "nombre": "Santa Rosa Del Sur" },
                { "codigo": "13744000", "nombre": "Simiti" },
                { "codigo": "13760000", "nombre": "Soplaviento" },
                { "codigo": "13780000", "nombre": "Talaigua Nuevo" },
                { "codigo": "13810000", "nombre": "Tiquisio" },
                { "codigo": "13836000", "nombre": "Turbaco" },
                { "codigo": "13838000", "nombre": "Turbana" },
                { "codigo": "13873000", "nombre": "Villanueva" },
                { "codigo": "13894000", "nombre": "Zambrano" },
                { "codigo": "13000010", "nombre": "Ballestas" },
                { "codigo": "13000011", "nombre": "Baru" },
                { "codigo": "13001004", "nombre": "Bayunca" },
                { "codigo": "13000013", "nombre": "Buena sena" },
                { "codigo": "13244000", "nombre": "El carmen de bolivar" },
                { "codigo": "13000015", "nombre": "Galerazamba" },
                { "codigo": "13000016", "nombre": "Juan arias" },
                { "codigo": "13001000", "nombre": "La boquilla" },
                { "codigo": "13000018", "nombre": "Loma de arena" },
                { "codigo": "13000019", "nombre": "Norosi" },
                { "codigo": "13001009", "nombre": "Pasacaballos" },
                { "codigo": "13000021", "nombre": "Pontezuela" },
                { "codigo": "13000023", "nombre": "Santa ana" },
                { "codigo": "13810011", "nombre": "Puerto rico - tiquisio" },
                { "codigo": "13810011", "nombre": "Tiquisio Nuevo" }
            ]
        },
        {
            "codigo": "BOY",
            "abreviatura": "BOY",
            "nombre": "Boyacá",
            "municipios": [
                { "codigo": "15022000", "nombre": "Almeida" },
                { "codigo": "15047000", "nombre": "Aquitania" },
                { "codigo": "15051000", "nombre": "Arcabuco" },
                { "codigo": "15087000", "nombre": "Belen" },
                { "codigo": "15491001", "nombre": "Belencito" },
                { "codigo": "15090000", "nombre": "Berbeo" },
                { "codigo": "15092000", "nombre": "Beteitiva" },
                { "codigo": "15097000", "nombre": "Boavita" },
                { "codigo": "15104000", "nombre": "Boyaca" },
                { "codigo": "15106000", "nombre": "Briceño" },
                { "codigo": "15109000", "nombre": "Buenavista" },
                { "codigo": "15114000", "nombre": "Busbanza" },
                { "codigo": "15131000", "nombre": "Caldas" },
                { "codigo": "15135000", "nombre": "Campohermoso" },
                { "codigo": "15162000", "nombre": "Cerinza" },
                { "codigo": "15172000", "nombre": "Chinavita" },
                { "codigo": "15176000", "nombre": "Chiquinquira" },
                { "codigo": "15232000", "nombre": "Chiquiza" },
                { "codigo": "15180000", "nombre": "Chiscas" },
                { "codigo": "15183000", "nombre": "Chita" },
                { "codigo": "15185000", "nombre": "Chitaraque" },
                { "codigo": "15187000", "nombre": "Chivata" },
                { "codigo": "15236000", "nombre": "Chivor" },
                { "codigo": "15189000", "nombre": "Cienega" },
                { "codigo": "15204000", "nombre": "Combita" },
                { "codigo": "15212000", "nombre": "Coper" },
                { "codigo": "15215000", "nombre": "Corrales" },
                { "codigo": "15218000", "nombre": "Covarachia" },
                { "codigo": "15223000", "nombre": "Cubara" },
                { "codigo": "15224000", "nombre": "Cucaita" },
                { "codigo": "15226000", "nombre": "Cuitiva" },
                { "codigo": "15238000", "nombre": "Duitama" },
                { "codigo": "15244000", "nombre": "El Cocuy" },
                { "codigo": "15248000", "nombre": "El Espino" },
                { "codigo": "15272000", "nombre": "Firavitoba" },
                { "codigo": "15276000", "nombre": "Floresta" },
                { "codigo": "15293000", "nombre": "Gachantiva" },
                { "codigo": "15296000", "nombre": "Gameza" },
                { "codigo": "15299000", "nombre": "Garagoa" },
                { "codigo": "15317000", "nombre": "Guacamayas" },
                { "codigo": "15322000", "nombre": "Guateque" },
                { "codigo": "15325000", "nombre": "Guayata" },
                { "codigo": "15332000", "nombre": "Guicán" },
                { "codigo": "15362000", "nombre": "Iza" },
                { "codigo": "15367000", "nombre": "Jenesano" },
                { "codigo": "15368000", "nombre": "Jerico" },
                { "codigo": "15380000", "nombre": "La Capilla" },
                { "codigo": "15403000", "nombre": "La Uvita" },
                { "codigo": "15401000", "nombre": "La Victoria" },
                { "codigo": "15377000", "nombre": "Labranzagrande" },
                { "codigo": "15425000", "nombre": "Macanal" },
                { "codigo": "15442000", "nombre": "Maripi" },
                { "codigo": "15455000", "nombre": "Miraflores" },
                { "codigo": "15464000", "nombre": "Mongua" },
                { "codigo": "15466000", "nombre": "Mongui" },
                { "codigo": "15469000", "nombre": "Moniquira" },
                { "codigo": "15476000", "nombre": "Motavita" },
                { "codigo": "15480000", "nombre": "Muzo" },
                { "codigo": "15491000", "nombre": "Nobsa" },
                { "codigo": "15494000", "nombre": "Nuevo Colon" },
                { "codigo": "15500000", "nombre": "Oicata" },
                { "codigo": "15507000", "nombre": "Otanche" },
                { "codigo": "15511000", "nombre": "Pachavita" },
                { "codigo": "15514000", "nombre": "Paez" },
                { "codigo": "15516000", "nombre": "Paipa" },
                { "codigo": "15518000", "nombre": "Pajarito" },
                { "codigo": "15522000", "nombre": "Panqueba" },
                { "codigo": "15531000", "nombre": "Pauna" },
                { "codigo": "15533000", "nombre": "Paya" },
                { "codigo": "15537000", "nombre": "Paz De Rio" },
                { "codigo": "15542000", "nombre": "Pesca" },
                { "codigo": "15550000", "nombre": "Pisba" },
                { "codigo": "15572000", "nombre": "Puerto Boyaca" },
                { "codigo": "15580000", "nombre": "Quipama" },
                { "codigo": "15599000", "nombre": "Ramiriqui" },
                { "codigo": "15600000", "nombre": "Raquira" },
                { "codigo": "15621000", "nombre": "Rondon" },
                { "codigo": "15632000", "nombre": "Saboya" },
                { "codigo": "15638000", "nombre": "Sachica" },
                { "codigo": "15646000", "nombre": "Samaca" },
                { "codigo": "15660000", "nombre": "San Eduardo" },
                { "codigo": "15664000", "nombre": "San Jose De Pare" },
                { "codigo": "15667000", "nombre": "San Luis De Gaceno" },
                { "codigo": "15673000", "nombre": "San Mateo" },
                { "codigo": "15676000", "nombre": "San Miguel De Sema" },
                { "codigo": "15681000", "nombre": "San Pablo Borbur" },
                { "codigo": "15693000", "nombre": "Santa Rosa De Viterbo" },
                { "codigo": "15690000", "nombre": "Santa Maria" },
                { "codigo": "15696000", "nombre": "Santa Sofia" },
                { "codigo": "15686000", "nombre": "Santana" },
                { "codigo": "15720000", "nombre": "Sativanorte" },
                { "codigo": "15723000", "nombre": "Sativasur" },
                { "codigo": "15740000", "nombre": "Siachoque" },
                { "codigo": "15753000", "nombre": "Soata" },
                { "codigo": "15757000", "nombre": "Socha" },
                { "codigo": "15755000", "nombre": "Socota" },
                { "codigo": "15759000", "nombre": "Sogamoso" },
                { "codigo": "15761000", "nombre": "Somondoco" },
                { "codigo": "15762000", "nombre": "Sora" },
                { "codigo": "15764000", "nombre": "Soraca" },
                { "codigo": "15763000", "nombre": "Sotaquira" },
                { "codigo": "15774000", "nombre": "Susacon" },
                { "codigo": "15776000", "nombre": "Sutamarchan" },
                { "codigo": "15778000", "nombre": "Sutatenza" },
                { "codigo": "15790000", "nombre": "Tasco" },
                { "codigo": "15798000", "nombre": "Tenza" },
                { "codigo": "15804000", "nombre": "Tibana" },
                { "codigo": "15806000", "nombre": "Tibasosa" },
                { "codigo": "15808000", "nombre": "Tinjaca" },
                { "codigo": "15810000", "nombre": "Tipacoque" },
                { "codigo": "15814000", "nombre": "Toca" },
                { "codigo": "15816000", "nombre": "Togui" },
                { "codigo": "15820000", "nombre": "Topaga" },
                { "codigo": "15822000", "nombre": "Tota" },
                { "codigo": "15001000", "nombre": "Tunja" },
                { "codigo": "15832000", "nombre": "Tunungua" },
                { "codigo": "15835000", "nombre": "Turmeque" },
                { "codigo": "15837000", "nombre": "Tuta" },
                { "codigo": "15839000", "nombre": "Tutaza" },
                { "codigo": "15842000", "nombre": "Umbita" },
                { "codigo": "15861000", "nombre": "Ventaquemada" },
                { "codigo": "15407000", "nombre": "Villa De Leyva" },
                { "codigo": "15879000", "nombre": "Viracacha" },
                { "codigo": "15897000", "nombre": "Zetaquira" },
                { "codigo": "15000010", "nombre": "Belencito" },
                { "codigo": "15000011", "nombre": "Coscuez" },
                { "codigo": "15332000", "nombre": "Guican" },
                { "codigo": "15000013", "nombre": "Nariño" },
                { "codigo": "15000014", "nombre": "Pantano de vargas" },
                { "codigo": "15000015", "nombre": "Puente boyaca" },
                { "codigo": "15572000", "nombre": "Puerto serviez" },
                { "codigo": "15681000", "nombre": "San pablo de borbur" },
                { "codigo": "15000018", "nombre": "Santa barbara" },
                { "codigo": "15000019", "nombre": "Santa rosa de viterbo" }
            ]
        },
        {
            "codigo": "CAL",
            "abreviatura": "CAL",
            "nombre": "Caldas",
            "municipios": [
                { "codigo": "17013000", "nombre": "Aguadas" },
                { "codigo": "17042000", "nombre": "Anserma" },
                { "codigo": "17050000", "nombre": "Aranzazu" },
                { "codigo": "17088000", "nombre": "Belalcazar" },
                { "codigo": "17174000", "nombre": "Chinchina" },
                { "codigo": "17272000", "nombre": "Filadelfia" },
                { "codigo": "17380000", "nombre": "La Dorada" },
                { "codigo": "17388000", "nombre": "La Merced" },
                { "codigo": "17001000", "nombre": "Manizales" },
                { "codigo": "17433000", "nombre": "Manzanares" },
                { "codigo": "17442000", "nombre": "Marmato" },
                { "codigo": "17444000", "nombre": "Marquetalia" },
                { "codigo": "17446000", "nombre": "Marulanda" },
                { "codigo": "17486000", "nombre": "Neira" },
                { "codigo": "17495000", "nombre": "Norcasia" },
                { "codigo": "17513000", "nombre": "Pacora" },
                { "codigo": "17524000", "nombre": "Palestina" },
                { "codigo": "17541000", "nombre": "Pensilvania" },
                { "codigo": "17614000", "nombre": "Riosucio" },
                { "codigo": "17616000", "nombre": "Risaralda" },
                { "codigo": "17653000", "nombre": "Salamina" },
                { "codigo": "17662000", "nombre": "Samana" },
                { "codigo": "17665000", "nombre": "San Jose" },
                { "codigo": "17777000", "nombre": "Supia" },
                { "codigo": "17867000", "nombre": "Victoria" },
                { "codigo": "17873000", "nombre": "Villamaria" },
                { "codigo": "17877000", "nombre": "Viterbo" },
                { "codigo": "17524001", "nombre": "Arauca" },
                { "codigo": "17000011", "nombre": "Arboleda" },
                { "codigo": "17000012", "nombre": "Arma" },
                { "codigo": "17541002", "nombre": "Bolivia" },
                { "codigo": "17000014", "nombre": "Bonafont" },
                { "codigo": "17000015", "nombre": "Castilla" },
                { "codigo": "17000016", "nombre": "Florencia" },
                { "codigo": "17380002", "nombre": "Guarinocito" },
                { "codigo": "17000018", "nombre": "La felisa" },
                { "codigo": "17000019", "nombre": "Montebonito" },
                { "codigo": "17000020", "nombre": "Samaria" },
                { "codigo": "17000021", "nombre": "San bartolome" },
                { "codigo": "17000022", "nombre": "San daniel" },
                { "codigo": "17000023", "nombre": "San diego" },
                { "codigo": "17000024", "nombre": "San felix" }
            ]
        },
        {
            "codigo": "CAQ",
            "abreviatura": "CAQ",
            "nombre": "Caquetá",
            "municipios": [
                { "codigo": "18029000", "nombre": "Albania" },
                { "codigo": "18094000", "nombre": "Belen De Los Andaquies" },
                { "codigo": "18150000", "nombre": "Cartagena Del Chaira" },
                { "codigo": "18205000", "nombre": "Curillo" },
                { "codigo": "18247000", "nombre": "El Doncello" },
                { "codigo": "18256000", "nombre": "El Paujil" },
                { "codigo": "18001000", "nombre": "Florencia" },
                { "codigo": "18410000", "nombre": "La Montañita" },
                { "codigo": "18460000", "nombre": "Milan" },
                { "codigo": "18479000", "nombre": "Morelia" },
                { "codigo": "18592000", "nombre": "Puerto Rico" },
                { "codigo": "18610000", "nombre": "San Jose Del Fragua" },
                { "codigo": "18753000", "nombre": "San Vicente Del Caguan" },
                { "codigo": "18756000", "nombre": "Solano" },
                { "codigo": "18785000", "nombre": "Solita" },
                { "codigo": "18860000", "nombre": "Valparaiso" },
                { "codigo": "18205000", "nombre": "Curillo" },
                { "codigo": "18000011", "nombre": "Rionegro" }
            ]
        },
        {
            "codigo": "CAS",
            "abreviatura": "CAS",
            "nombre": "Casanare",
            "municipios": [
                { "codigo": "85010000", "nombre": "Aguazul" },
                { "codigo": "85015000", "nombre": "Chameza" },
                { "codigo": "85125000", "nombre": "Hato Corozal" },
                { "codigo": "85136000", "nombre": "La Salina" },
                { "codigo": "85139000", "nombre": "Mani" },
                { "codigo": "85162000", "nombre": "Monterrey" },
                { "codigo": "85225000", "nombre": "Nunchia" },
                { "codigo": "85230000", "nombre": "Orocue" },
                { "codigo": "85250000", "nombre": "Paz De Ariporo" },
                { "codigo": "85263000", "nombre": "Pore" },
                { "codigo": "85279000", "nombre": "Recetor" },
                { "codigo": "85300000", "nombre": "Sabanalarga" },
                { "codigo": "85315000", "nombre": "Sacama" },
                { "codigo": "85325000", "nombre": "San Luis De Palenque" },
                { "codigo": "85400000", "nombre": "Tamara" },
                { "codigo": "85410000", "nombre": "Tauramena" },
                { "codigo": "85430000", "nombre": "Trinidad" },
                { "codigo": "85440000", "nombre": "Villanueva" },
                { "codigo": "85001000", "nombre": "Yopal" },
                { "codigo": "85000010", "nombre": "Aguaclara" },
                { "codigo": "85000011", "nombre": "Araguaney" },
                { "codigo": "85000012", "nombre": "Cusiana pozo" },
                { "codigo": "85001002", "nombre": "La chaparrera" },
                { "codigo": "85000014", "nombre": "Villacarola" }
            ]
        },
        {
            "codigo": "CAU",
            "abreviatura": "CAU",
            "nombre": "Cauca",
            "municipios": [
                { "codigo": "19022000", "nombre": "Almaguer" },
                { "codigo": "19050000", "nombre": "Argelia" },
                { "codigo": "19075000", "nombre": "Balboa" },
                { "codigo": "19100000", "nombre": "Bolivar" },
                { "codigo": "19110000", "nombre": "Buenos Aires" },
                { "codigo": "19130000", "nombre": "Cajibio" },
                { "codigo": "19137000", "nombre": "Caldono" },
                { "codigo": "19142000", "nombre": "Caloto" },
                { "codigo": "19212000", "nombre": "Corinto" },
                { "codigo": "19256000", "nombre": "El Tambo" },
                { "codigo": "19290000", "nombre": "Florencia" },
                { "codigo": "19318000", "nombre": "Guapi" },
                { "codigo": "19300000", "nombre": "Guachene" },
                { "codigo": "19355000", "nombre": "Inza" },
                { "codigo": "19364000", "nombre": "Jambalo" },
                { "codigo": "19392000", "nombre": "La Sierra" },
                { "codigo": "19397000", "nombre": "La Vega" },
                { "codigo": "19418000", "nombre": "Lopez" },
                { "codigo": "19450000", "nombre": "Mercaderes" },
                { "codigo": "19455000", "nombre": "Miranda" },
                { "codigo": "19473000", "nombre": "Morales" },
                { "codigo": "19513000", "nombre": "Padilla" },
                { "codigo": "19517000", "nombre": "Paez" },
                { "codigo": "19532000", "nombre": "Patia" },
                { "codigo": "19533000", "nombre": "Piamonte" },
                { "codigo": "19548000", "nombre": "Piendamo" },
                { "codigo": "19001000", "nombre": "Popayan" },
                { "codigo": "19573000", "nombre": "Puerto Tejada" },
                { "codigo": "19585000", "nombre": "Purace" },
                { "codigo": "19622000", "nombre": "Rosas" },
                { "codigo": "19693000", "nombre": "San Sebastian" },
                { "codigo": "19701000", "nombre": "Santa Rosa" },
                { "codigo": "19698000", "nombre": "Santander De Quilichao" },
                { "codigo": "19743000", "nombre": "Silvia" },
                { "codigo": "19760000", "nombre": "Sotara" },
                { "codigo": "19780000", "nombre": "Suarez" },
                { "codigo": "19785000", "nombre": "Sucre" },
                { "codigo": "19807000", "nombre": "Timbio" },
                { "codigo": "19809000", "nombre": "Timbiqui" },
                { "codigo": "19821000", "nombre": "Toribio" },
                { "codigo": "19824000", "nombre": "Totoro" },
                { "codigo": "19845000", "nombre": "Villa Rica" }
            ]
        },
        {
            "codigo": "CES",
            "abreviatura": "CES",
            "nombre": "Cesar",
            "municipios": [
                { "codigo": "20011000", "nombre": "Aguachica" },
                { "codigo": "20013000", "nombre": "Agustin Codazzi" },
                { "codigo": "20032000", "nombre": "Astrea" },
                { "codigo": "20045000", "nombre": "Becerril" },
                { "codigo": "20060000", "nombre": "Bosconia" },
                { "codigo": "20175000", "nombre": "Chimichagua" },
                { "codigo": "20178000", "nombre": "Chiriguana" },
                { "codigo": "20228000", "nombre": "Curumani" },
                { "codigo": "20238000", "nombre": "El Copey" },
                { "codigo": "20250000", "nombre": "El Paso" },
                { "codigo": "20295000", "nombre": "Gamarra" },
                { "codigo": "20310000", "nombre": "Gonzalez" },
                { "codigo": "20383000", "nombre": "La Gloria" },
                { "codigo": "20400000", "nombre": "La Jagua De Ibirico" },
                { "codigo": "20621000", "nombre": "La Paz" },
                { "codigo": "20443000", "nombre": "Manaure" },
                { "codigo": "20517000", "nombre": "Pailitas" },
                { "codigo": "20550000", "nombre": "Pelaya" },
                { "codigo": "20570000", "nombre": "Pueblo Bello" },
                { "codigo": "20614000", "nombre": "Rio De Oro" },
                { "codigo": "20710000", "nombre": "San Alberto" },
                { "codigo": "20750000", "nombre": "San Diego" },
                { "codigo": "20770000", "nombre": "San Martin" },
                { "codigo": "20787000", "nombre": "Tamalameque" },
                { "codigo": "20001000", "nombre": "Valledupar" },
                { "codigo": "20000010", "nombre": "Arjona" },
                { "codigo": "20000011", "nombre": "Ayacucho" },
                { "codigo": "20000012", "nombre": "Caracolicito" },
                { "codigo": "20013000", "nombre": "Codazzi" },
                { "codigo": "20250002", "nombre": "La loma" },
                { "codigo": "20443000", "nombre": "Manaure balcon del cesar" },
                { "codigo": "20000016", "nombre": "Rincon hondo" },
                { "codigo": "20000017", "nombre": "San roque" }
            ]
        },
        {
            "codigo": "CHO",
            "abreviatura": "CHO",
            "nombre": "Chocó",
            "municipios": [
                { "codigo": "27006000", "nombre": "Acandi" },
                { "codigo": "27025000", "nombre": "Alto Baudo" },
                { "codigo": "27050000", "nombre": "Atrato" },
                { "codigo": "27073000", "nombre": "Bagado" },
                { "codigo": "27075000", "nombre": "Bahia Solano Mutis" },
                { "codigo": "27077000", "nombre": "Bajo Baudo" },
                { "codigo": "27099000", "nombre": "Bojaya" },
                { "codigo": "27135000", "nombre": "Canton De San Pablo" },
                { "codigo": "27150000", "nombre": "Carmen Del Darien" },
                { "codigo": "27160000", "nombre": "Certegui" },
                { "codigo": "27205000", "nombre": "Condoto" },
                { "codigo": "27245000", "nombre": "El Carmen De Atrato" },
                { "codigo": "27250000", "nombre": "El Litoral Del San Juan" },
                { "codigo": "27361000", "nombre": "Istmina" },
                { "codigo": "27372000", "nombre": "Jurado" },
                { "codigo": "27413000", "nombre": "Lloro" },
                { "codigo": "27425000", "nombre": "Medio Atrato" },
                { "codigo": "27430000", "nombre": "Medio Baudo" },
                { "codigo": "27450000", "nombre": "Medio San Juan" },
                { "codigo": "27491000", "nombre": "Novita" },
                { "codigo": "27495000", "nombre": "Nuqui" },
                { "codigo": "27001000", "nombre": "Quibdo" },
                { "codigo": "27580000", "nombre": "Rio Frio" },
                { "codigo": "27600000", "nombre": "Rio Quito" },
                { "codigo": "27615000", "nombre": "Riosucio" },
                { "codigo": "27660000", "nombre": "San Jose Del Palmar" },
                { "codigo": "27745000", "nombre": "Sipi" },
                { "codigo": "27787000", "nombre": "Tado" },
                { "codigo": "27800000", "nombre": "Unguia" },
                { "codigo": "27810000", "nombre": "Union Panamericana" },
                { "codigo": "27000010", "nombre": "Andagoya" },
                { "codigo": "27000011", "nombre": "Animas" },
                { "codigo": "27000014", "nombre": "Capurgana" },
                { "codigo": "27000015", "nombre": "Guarato" },
                { "codigo": "27000017", "nombre": "Santa maria del darien" },
                { "codigo": "27000018", "nombre": "Tutunendo" },
                { "codigo": "27000019", "nombre": "Yuto" }
            ]
        },
        {
            "codigo": "COR",
            "abreviatura": "COR",
            "nombre": "Córdoba",
            "municipios": [
                { "codigo": "23068000", "nombre": "Ayapel" },
                { "codigo": "23079000", "nombre": "Buena vista" },
                { "codigo": "23090000", "nombre": "Canalete" },
                { "codigo": "23162000", "nombre": "Cerete" },
                { "codigo": "23168000", "nombre": "Chima" },
                { "codigo": "23182000", "nombre": "Chinu" },
                { "codigo": "23189000", "nombre": "Cienaga De Oro" },
                { "codigo": "23300000", "nombre": "Cotorra" },
                { "codigo": "23350000", "nombre": "La Apartada" },
                { "codigo": "23417000", "nombre": "Lorica" },
                { "codigo": "23419000", "nombre": "Los Cordobas" },
                { "codigo": "23464000", "nombre": "Momil" },
                { "codigo": "23466000", "nombre": "Montelibano" },
                { "codigo": "23001000", "nombre": "Monteria" },
                { "codigo": "23500000", "nombre": "Moñitos" },
                { "codigo": "23555000", "nombre": "Planeta Rica" },
                { "codigo": "23570000", "nombre": "Pueblo Nuevo" },
                { "codigo": "23574000", "nombre": "Puerto Escondido" },
                { "codigo": "23580000", "nombre": "Puerto Libertador" },
                { "codigo": "23586000", "nombre": "Purisima" },
                { "codigo": "23660000", "nombre": "Sahagun" },
                { "codigo": "23670000", "nombre": "San Andres de Sotavento" },
                { "codigo": "23672000", "nombre": "San Antero" },
                { "codigo": "23675000", "nombre": "San Bernardo Del Viento" },
                { "codigo": "23678000", "nombre": "San Carlos" },
                { "codigo": "23686000", "nombre": "San Pelayo" },
                { "codigo": "23855000", "nombre": "Valencia" },
                { "codigo": "23686002", "nombre": "Carillo" },
                { "codigo": "23000011", "nombre": "Colomboy" },
                { "codigo": "23000012", "nombre": "El carito" },
                { "codigo": "23000013", "nombre": "El varal" },
                { "codigo": "23000014", "nombre": "El viajano" },
                { "codigo": "23000015", "nombre": "La ye" },
                { "codigo": "23682000", "nombre": "San jose de ure" },
                { "codigo": "23000018", "nombre": "San sebastian" },
                { "codigo": "23807000", "nombre": "Tierra alta" },
                { "codigo": "23815000", "nombre": "Tuchin" },
                { "codigo": "23000021", "nombre": "Villa fatima" }
            ]
        },
        {
            "codigo": "CUN",
            "abreviatura": "CUN",
            "nombre": "Cundinamarca",
            "municipios": [
                { "codigo": "25001000", "nombre": "Agua De Dios" },
                { "codigo": "25019000", "nombre": "Alban" },
                { "codigo": "25035000", "nombre": "Anapoima" },
                { "codigo": "25040000", "nombre": "Anolaima" },
                { "codigo": "25599000", "nombre": "Apulo" },
                { "codigo": "25053000", "nombre": "Arbelaez" },
                { "codigo": "25086000", "nombre": "Beltran" },
                { "codigo": "25095000", "nombre": "Bituima" },
                { "codigo": "25099000", "nombre": "Bojaca" },
                { "codigo": "11001000", "nombre": "Bogotá" },
                { "codigo": "25120000", "nombre": "Cabrera" },
                { "codigo": "25123000", "nombre": "Cachipay" },
                { "codigo": "25126000", "nombre": "Cajica" },
                { "codigo": "25148000", "nombre": "Caparrapi" },
                { "codigo": "25151000", "nombre": "Caqueza" },
                { "codigo": "25154000", "nombre": "Carmen De Carupa" },
                { "codigo": "25168000", "nombre": "Chaguani" },
                { "codigo": "25175000", "nombre": "Chia" },
                { "codigo": "25178000", "nombre": "Chipaque" },
                { "codigo": "25181000", "nombre": "Choachi" },
                { "codigo": "25183000", "nombre": "Choconta" },
                { "codigo": "25200000", "nombre": "Cogua" },
                { "codigo": "25214000", "nombre": "Cota" },
                { "codigo": "25224000", "nombre": "Cucunuba" },
                { "codigo": "25245000", "nombre": "El Colegio" },
                { "codigo": "25258000", "nombre": "El Peñon" },
                { "codigo": "25260000", "nombre": "El Rosal" },
                { "codigo": "25269000", "nombre": "Facatativa" },
                { "codigo": "25279000", "nombre": "Fomeque" },
                { "codigo": "25281000", "nombre": "Fosca" },
                { "codigo": "25286000", "nombre": "Funza" },
                { "codigo": "25288000", "nombre": "Fuquene" },
                { "codigo": "25290000", "nombre": "Fusagasuga" },
                { "codigo": "25293000", "nombre": "Gachala" },
                { "codigo": "25295000", "nombre": "Gachancipa" },
                { "codigo": "25297000", "nombre": "Gacheta" },
                { "codigo": "25299000", "nombre": "Gama" },
                { "codigo": "25307000", "nombre": "Girardot" },
                { "codigo": "25312000", "nombre": "Granada" },
                { "codigo": "25317000", "nombre": "Guacheta" },
                { "codigo": "25320000", "nombre": "Guaduas" },
                { "codigo": "25322000", "nombre": "Guasca" },
                { "codigo": "25324000", "nombre": "Guataqui" },
                { "codigo": "25326000", "nombre": "Guatavita" },
                { "codigo": "25328000", "nombre": "Guayabal De Siquima" },
                { "codigo": "25335000", "nombre": "Guayabetal" },
                { "codigo": "25339000", "nombre": "Gutierrez" },
                { "codigo": "25368000", "nombre": "Jerusalen" },
                { "codigo": "25372000", "nombre": "Junin" },
                { "codigo": "25377000", "nombre": "La Calera" },
                { "codigo": "225040002", "nombre": "La Florida" },
                { "codigo": "25386000", "nombre": "La Mesa" },
                { "codigo": "25394000", "nombre": "La Palma" },
                { "codigo": "25398000", "nombre": "La Peña" },
                { "codigo": "25402000", "nombre": "La Vega" },
                { "codigo": "25407000", "nombre": "Lenguazaque" },
                { "codigo": "25426000", "nombre": "Macheta" },
                { "codigo": "25430000", "nombre": "Madrid" },
                { "codigo": "25436000", "nombre": "Manta" },
                { "codigo": "25438000", "nombre": "Medina" },
                { "codigo": "25473000", "nombre": "Mosquera" },
                { "codigo": "25483000", "nombre": "Nariño" },
                { "codigo": "25486000", "nombre": "Nemocon" },
                { "codigo": "25488000", "nombre": "Nilo" },
                { "codigo": "25489000", "nombre": "Nimaima" },
                { "codigo": "25491000", "nombre": "Nocaima" },
                { "codigo": "25513000", "nombre": "Pacho" },
                { "codigo": "25518000", "nombre": "Paime" },
                { "codigo": "25524000", "nombre": "Pandi" },
                { "codigo": "25530000", "nombre": "Paratebueno" },
                { "codigo": "25535000", "nombre": "Pasca" },
                { "codigo": "25572000", "nombre": "Puerto Salgar" },
                { "codigo": "25580000", "nombre": "Puli" },
                { "codigo": "25592000", "nombre": "Quebradanegra" },
                { "codigo": "25594000", "nombre": "Quetame" },
                { "codigo": "25596000", "nombre": "Quipile" },
                { "codigo": "25612000", "nombre": "Ricaurte" },
                { "codigo": "25645000", "nombre": "San Antonio De Tequendama" },
                { "codigo": "25649000", "nombre": "San Bernardo" },
                { "codigo": "25653000", "nombre": "San Cayetano" },
                { "codigo": "25658000", "nombre": "San Francisco" },
                { "codigo": "25662000", "nombre": "San Juan De Rio Seco" },
                { "codigo": "25718000", "nombre": "Sasaima" },
                { "codigo": "25736000", "nombre": "Sesquile" },
                { "codigo": "25740000", "nombre": "Sibate" },
                { "codigo": "25743000", "nombre": "Silvania" },
                { "codigo": "25745000", "nombre": "Simijaca" },
                { "codigo": "25754000", "nombre": "Soacha" },
                { "codigo": "25758000", "nombre": "Sopo" },
                { "codigo": "25769000", "nombre": "Subachoque" },
                { "codigo": "25772000", "nombre": "Suesca" },
                { "codigo": "25777000", "nombre": "Supata" },
                { "codigo": "25779000", "nombre": "Susa" },
                { "codigo": "25781000", "nombre": "Sutatausa" },
                { "codigo": "25785000", "nombre": "Tabio" },
                { "codigo": "25793000", "nombre": "Tausa" },
                { "codigo": "25797000", "nombre": "Tena" },
                { "codigo": "25799000", "nombre": "Tenjo" },
                { "codigo": "25805000", "nombre": "Tibacuy" },
                { "codigo": "25807000", "nombre": "Tibirita" },
                { "codigo": "25815000", "nombre": "Tocaima" },
                { "codigo": "25817000", "nombre": "Tocancipa" },
                { "codigo": "25823000", "nombre": "Topaipi" },
                { "codigo": "25839000", "nombre": "Ubala" },
                { "codigo": "25841000", "nombre": "Ubaque" },
                { "codigo": "25843000", "nombre": "Ubate" },
                { "codigo": "25845000", "nombre": "Une" },
                { "codigo": "25851000", "nombre": "utica" },
                { "codigo": "25506000", "nombre": "Venecia" },
                { "codigo": "25862000", "nombre": "Vergara" },
                { "codigo": "25867000", "nombre": "Viani" },
                { "codigo": "25871000", "nombre": "Villagomez" },
                { "codigo": "25873000", "nombre": "Villapinzon" },
                { "codigo": "25875000", "nombre": "Villeta" },
                { "codigo": "25878000", "nombre": "Viota" },
                { "codigo": "25885000", "nombre": "Yacopi" },
                { "codigo": "25898000", "nombre": "Zipacon" },
                { "codigo": "25899000", "nombre": "Zipaquira" },
                { "codigo": "25817099", "nombre": "Briceño" },
                { "codigo": "25000011", "nombre": "Cambao" },
                { "codigo": "25000012", "nombre": "Capellania" },
                { "codigo": "25000013", "nombre": "Cartagena" },
                { "codigo": "25290016", "nombre": "Chinauta" },
                { "codigo": "25000015", "nombre": "Chusaca" },
                { "codigo": "25000016", "nombre": "El charquito" },
                { "codigo": "25245000", "nombre": "El colegio mesitas" },
                { "codigo": "25000018", "nombre": "El sisga" },
                { "codigo": "25000019", "nombre": "El triunfo" },
                { "codigo": "25000021", "nombre": "La gran via" },
                { "codigo": "25000022", "nombre": "La punta" },
                { "codigo": "25000023", "nombre": "La union" },
                { "codigo": "25000024", "nombre": "La victoria" },
                { "codigo": "25530001", "nombre": "Maya" },
                { "codigo": "25430004", "nombre": "Puente de piedra" },
                { "codigo": "25594002", "nombre": "Puente quetame" },
                { "codigo": "25320003", "nombre": "Puerto bogota" },
                { "codigo": "25645001", "nombre": "Santandersito" },
                { "codigo": "25743005", "nombre": "Subia" },
                { "codigo": "25000032", "nombre": "Tobia" },
                { "codigo": "25000033", "nombre": "Tudela" }
            ]
        },
        {
            "codigo": "GUA",
            "abreviatura": "GUA",
            "nombre": "Guainía",
            "municipios": [
                { "codigo": "94343000", "nombre": "Barranco Mina" },
                { "codigo": "94886000", "nombre": "Cacahual" },
                { "codigo": "94885000", "nombre": "La Guadalupe" },
                { "codigo": "94663000", "nombre": "Mapiripan" },
                { "codigo": "94888000", "nombre": "Morichal" },
                { "codigo": "94887000", "nombre": "Pana Pana" },
                { "codigo": "94884000", "nombre": "Puerto Colombia" },
                { "codigo": "94883000", "nombre": "San Felipe" },
                { "codigo": "94000010", "nombre": "Guaviare C" },
                { "codigo": "94000011", "nombre": "Morichal Nuevo" }
            ]
        },
        {
            "codigo": "GUV",
            "abreviatura": "GUV",
            "nombre": "Guaviare",
            "municipios": [
                { "codigo": "95025000", "nombre": "El Retorno" },
                { "codigo": "95200000", "nombre": "Miraflores" },
                { "codigo": "95001000", "nombre": "San Jose Del Guaviare" }
            ]
        },
        {
            "codigo": "HUI",
            "abreviatura": "HUI",
            "nombre": "Huila",
            "municipios": [
                { "codigo": "41006000", "nombre": "Acevedo" },
                { "codigo": "41013000", "nombre": "Agrado" },
                { "codigo": "41016000", "nombre": "Aipe" },
                { "codigo": "41020000", "nombre": "Algeciras" },
                { "codigo": "41026000", "nombre": "Altamira" },
                { "codigo": "41078000", "nombre": "Baraya" },
                { "codigo": "41132000", "nombre": "Campoalegre" },
                { "codigo": "41206000", "nombre": "Colombia" },
                { "codigo": "41298000", "nombre": "Garzon" },
                { "codigo": "41306000", "nombre": "Gigante" },
                { "codigo": "41319000", "nombre": "Guadalupe" },
                { "codigo": "41349000", "nombre": "Hobo" },
                { "codigo": "41357000", "nombre": "Iquira" },
                { "codigo": "41359000", "nombre": "Isnos" },
                { "codigo": "41378000", "nombre": "La Argentina" },
                { "codigo": "41396000", "nombre": "La Plata" },
                { "codigo": "41483000", "nombre": "Nataga" },
                { "codigo": "41001000", "nombre": "Neiva" },
                { "codigo": "41503000", "nombre": "Oporapa" },
                { "codigo": "41518000", "nombre": "Paicol" },
                { "codigo": "41524000", "nombre": "Palermo" },
                { "codigo": "41530000", "nombre": "Palestina" },
                { "codigo": "41548000", "nombre": "Pital" },
                { "codigo": "41551000", "nombre": "Pitalito" },
                { "codigo": "41615000", "nombre": "Rivera" },
                { "codigo": "41660000", "nombre": "Salado blanco" },
                { "codigo": "41668000", "nombre": "San Agustin" },
                { "codigo": "41676000", "nombre": "Santa Maria" },
                { "codigo": "41770000", "nombre": "Suaza" },
                { "codigo": "41791000", "nombre": "Tarqui" },
                { "codigo": "41799000", "nombre": "Tello" },
                { "codigo": "41801000", "nombre": "Teruel" },
                { "codigo": "41797000", "nombre": "Tesalia" },
                { "codigo": "41807000", "nombre": "Timana" },
                { "codigo": "41872000", "nombre": "Villavieja" },
                { "codigo": "41885000", "nombre": "Yaguara" },
                { "codigo": "41000011", "nombre": "Belen" },
                { "codigo": "41551001", "nombre": "Bruselas" },
                { "codigo": "41000013", "nombre": "San adolfo" },
                { "codigo": "41359000", "nombre": "San jose de isnos" },
                { "codigo": "41000015", "nombre": "Vegalarga" }
            ]
        },
        {
            "codigo": "GUJ",
            "abreviatura": "GUJ",
            "nombre": "La Guajira",
            "municipios": [
                { "codigo": "44035000", "nombre": "Albania" },
                { "codigo": "44098001", "nombre": "Buenavista" },
                { "codigo": "44078000", "nombre": "Barrancas" },
                { "codigo": "44090000", "nombre": "Dibulla" },
                { "codigo": "44098000", "nombre": "Distraccion" },
                { "codigo": "44110000", "nombre": "El Molino" },
                { "codigo": "44279000", "nombre": "Fonseca" },
                { "codigo": "44378000", "nombre": "Hato nuevo" },
                { "codigo": "44420000", "nombre": "La Jagua Del Pilar" },
                { "codigo": "44430000", "nombre": "Maicao" },
                { "codigo": "44560000", "nombre": "Manaure" },
                { "codigo": "44001000", "nombre": "Riohacha" },
                { "codigo": "44650000", "nombre": "San Juan Del Cesar" },
                { "codigo": "44847000", "nombre": "Uribia" },
                { "codigo": "44855000", "nombre": "Urumita" },
                { "codigo": "44874000", "nombre": "Villanueva" },
                { "codigo": "44090003", "nombre": "Mingueo" }
            ]
        },
        {
            "codigo": "MAG",
            "abreviatura": "MAG",
            "nombre": "Magdalena",
            "municipios": [
                { "codigo": "47030000", "nombre": "Algarrobo" },
                { "codigo": "47053000", "nombre": "Aracataca" },
                { "codigo": "47058000", "nombre": "Ariguani" },
                { "codigo": "47161000", "nombre": "Cerro San Antonio" },
                { "codigo": "47170000", "nombre": "Chivolo" },
                { "codigo": "47189000", "nombre": "Cienaga" },
                { "codigo": "47205000", "nombre": "Concordia" },
                { "codigo": "47245000", "nombre": "El Banco" },
                { "codigo": "47258000", "nombre": "El Piñon" },
                { "codigo": "47268000", "nombre": "El Reten" },
                { "codigo": "47288000", "nombre": "Fundacion" },
                { "codigo": "47318000", "nombre": "Guamal" },
                { "codigo": "47460000", "nombre": "Nueva Granada" },
                { "codigo": "47541000", "nombre": "Pedraza" },
                { "codigo": "47545000", "nombre": "Pijiño Del Carmen" },
                { "codigo": "47551000", "nombre": "Pivijay" },
                { "codigo": "47555000", "nombre": "Plato" },
                { "codigo": "47570000", "nombre": "Pueblo Viejo" },
                { "codigo": "47605000", "nombre": "Remolino" },
                { "codigo": "47660000", "nombre": "Sabanas De San Angel" },
                { "codigo": "47675000", "nombre": "Salamina" },
                { "codigo": "47692000", "nombre": "San Sebastian De Buenavista" },
                { "codigo": "47703000", "nombre": "San Zenon" },
                { "codigo": "47707000", "nombre": "Santa Ana" },
                { "codigo": "47720000", "nombre": "Santa Barbara De Pinto" },
                { "codigo": "47001000", "nombre": "Santa Marta" },
                { "codigo": "47745000", "nombre": "Sitio Nuevo" },
                { "codigo": "47798000", "nombre": "Tenerife" },
                { "codigo": "47960000", "nombre": "Zapayan" },
                { "codigo": "47980000", "nombre": "Zona Bananera" },
                { "codigo": "47000010", "nombre": "Chivolo" },
                { "codigo": "47058000", "nombre": "El dificil" },
                { "codigo": "47001038", "nombre": "Gaira" },
                { "codigo": "47980001", "nombre": "Guacamayal" },
                { "codigo": "47000014", "nombre": "Guaimaro" },
                { "codigo": "47000015", "nombre": "La gran via" },
                { "codigo": "47000016", "nombre": "Media luna" },
                { "codigo": "47980000", "nombre": "Orihueca" },
                { "codigo": "47000018", "nombre": "Palermo" },
                { "codigo": "47980000", "nombre": "Prado sevilla" },
                { "codigo": "47000020", "nombre": "Pueblonuevo" },
                { "codigo": "47000021", "nombre": "Riofrio" },
                { "codigo": "47000022", "nombre": "San fernando" },
                { "codigo": "47001010", "nombre": "Taganga" },
                { "codigo": "47000025", "nombre": "Tucurinca" }
            ]
        },
        {
            "codigo": "MET",
            "abreviatura": "MET",
            "nombre": "Meta",
            "municipios": [
                { "codigo": "50006000", "nombre": "Acacias" },
                { "codigo": "50110000", "nombre": "Barranca De Upia" },
                { "codigo": "50124000", "nombre": "Cabuyaro" },
                { "codigo": "50150000", "nombre": "Castilla La Nueva" },
                { "codigo": "50226000", "nombre": "Cumaral" },
                { "codigo": "50245000", "nombre": "El Calvario" },
                { "codigo": "50251000", "nombre": "El Castillo" },
                { "codigo": "50270000", "nombre": "El Dorado" },
                { "codigo": "50287000", "nombre": "Fuente De Oro" },
                { "codigo": "50313000", "nombre": "Granada" },
                { "codigo": "50318000", "nombre": "Guamal" },
                { "codigo": "50400000", "nombre": "Lejanias" },
                { "codigo": "50325000", "nombre": "Mapiripan" },
                { "codigo": "50330000", "nombre": "Mesetas" },
                { "codigo": "50450000", "nombre": "Puerto Concordia" },
                { "codigo": "50568000", "nombre": "Puerto Gaitan" },
                { "codigo": "50577000", "nombre": "Puerto Lleras" },
                { "codigo": "50573000", "nombre": "Puerto Lopez" },
                { "codigo": "50590000", "nombre": "Puerto Rico" },
                { "codigo": "50606000", "nombre": "Restrepo" },
                { "codigo": "50680000", "nombre": "San Carlos Guaroa" },
                { "codigo": "50683000", "nombre": "San Juan De Arama" },
                { "codigo": "50686000", "nombre": "San Juanito" },
                { "codigo": "50223000", "nombre": "San Luis De Cubarral" },
                { "codigo": "50689000", "nombre": "San Martin" },
                { "codigo": "50001000", "nombre": "Villavicencio" },
                { "codigo": "50711000", "nombre": "Vista Hermosa" },
                { "codigo": "50001019", "nombre": "Apiay" },
                { "codigo": "50223000", "nombre": "Cubarral san luis" },
                { "codigo": "50573003", "nombre": "Pachaquiaro" }
            ]
        },
        {
            "codigo": "NAR",
            "abreviatura": "NAR",
            "nombre": "Nariño",
            "municipios": [
                { "codigo": "52019000", "nombre": "Alban" },
                { "codigo": "52022000", "nombre": "Aldana" },
                { "codigo": "52036000", "nombre": "Ancuya" },
                { "codigo": "52051000", "nombre": "Arboleda" },
                { "codigo": "52079000", "nombre": "Barbacoas" },
                { "codigo": "52083000", "nombre": "Belen" },
                { "codigo": "52110000", "nombre": "Buesaco" },
                { "codigo": "52240000", "nombre": "Chachagui" },
                { "codigo": "52203000", "nombre": "Colon" },
                { "codigo": "52207000", "nombre": "Consaca" },
                { "codigo": "52210000", "nombre": "Contadero" },
                { "codigo": "52215000", "nombre": "Cordoba" },
                { "codigo": "52224000", "nombre": "Cuaspud" },
                { "codigo": "52227000", "nombre": "Cumbal" },
                { "codigo": "52233000", "nombre": "Cumbitara" },
                { "codigo": "52250000", "nombre": "El Charco" },
                { "codigo": "52254000", "nombre": "El Peñol" },
                { "codigo": "52256000", "nombre": "El Rosario" },
                { "codigo": "52258000", "nombre": "El Tablon De Gomez" },
                { "codigo": "52260000", "nombre": "El Tambo" },
                { "codigo": "52520000", "nombre": "Francisco Pizarro" },
                { "codigo": "52287000", "nombre": "Funes" },
                { "codigo": "52317000", "nombre": "Guachucal" },
                { "codigo": "52320000", "nombre": "Guaitarilla" },
                { "codigo": "52323000", "nombre": "Gualmatan" },
                { "codigo": "52352000", "nombre": "Iles" },
                { "codigo": "52354000", "nombre": "Imues" },
                { "codigo": "52356000", "nombre": "Ipiales" },
                { "codigo": "52378000", "nombre": "La Cruz" },
                { "codigo": "52381000", "nombre": "La Florida" },
                { "codigo": "52385000", "nombre": "La Llanada" },
                { "codigo": "52390000", "nombre": "La Tola" },
                { "codigo": "52399000", "nombre": "La Union" },
                { "codigo": "52405000", "nombre": "Leiva" },
                { "codigo": "52411000", "nombre": "Linares" },
                { "codigo": "52418000", "nombre": "Los Andes" },
                { "codigo": "52427000", "nombre": "Magui" },
                { "codigo": "52435000", "nombre": "Mallama" },
                { "codigo": "52473000", "nombre": "Mosquera" },
                { "codigo": "52480000", "nombre": "Nariño" },
                { "codigo": "52490000", "nombre": "Olaya Herrera" },
                { "codigo": "52506000", "nombre": "Ospina" },
                { "codigo": "52001000", "nombre": "Pasto" },
                { "codigo": "52540000", "nombre": "Policarpa" },
                { "codigo": "52560000", "nombre": "Potosi" },
                { "codigo": "52565000", "nombre": "Providencia" },
                { "codigo": "52573000", "nombre": "Puerres" },
                { "codigo": "52585000", "nombre": "Pupiales" },
                { "codigo": "52612000", "nombre": "Ricaurte" },
                { "codigo": "52621000", "nombre": "Roberto Payan" },
                { "codigo": "52678000", "nombre": "Samaniego" },
                { "codigo": "52685000", "nombre": "San Bernardo" },
                { "codigo": "52687000", "nombre": "San Lorenzo" },
                { "codigo": "52693000", "nombre": "San Pablo" },
                { "codigo": "52694000", "nombre": "San Pedro De Cartago" },
                { "codigo": "52683000", "nombre": "Sandona" },
                { "codigo": "52696000", "nombre": "Santa Barbara" },
                { "codigo": "52699000", "nombre": "Santa Cruz" },
                { "codigo": "52720000", "nombre": "Sapuyes" },
                { "codigo": "52786000", "nombre": "Taminango" },
                { "codigo": "52788000", "nombre": "Tangua" },
                { "codigo": "52835000", "nombre": "Tumaco" },
                { "codigo": "52838000", "nombre": "Tuquerres" },
                { "codigo": "52885000", "nombre": "Yacuanquer" },
                { "codigo": "52000010", "nombre": "Altaquer" },
                { "codigo": "52000011", "nombre": "Berruecos arboleda" },
                { "codigo": "52000012", "nombre": "Buesaquillo" },
                { "codigo": "52000013", "nombre": "Cabrera" },
                { "codigo": "52000014", "nombre": "Cajapi" },
                { "codigo": "52000015", "nombre": "Candelillas" },
                { "codigo": "52224000", "nombre": "Carlosama Cuaspud" },
                { "codigo": "52000017", "nombre": "Catambuco" },
                { "codigo": "52000018", "nombre": "Cebadal" },
                { "codigo": "52000019", "nombre": "Chucunes" },
                { "codigo": "52000020", "nombre": "Cuatro esquinas" },
                { "codigo": "52000021", "nombre": "Daza" },
                { "codigo": "52000022", "nombre": "El diviso" },
                { "codigo": "52000023", "nombre": "El encano" },
                { "codigo": "52000024", "nombre": "El espino" },
                { "codigo": "52000025", "nombre": "El remolino" },
                { "codigo": "52000026", "nombre": "Espriella" },
                { "codigo": "52000027", "nombre": "Genova" },
                { "codigo": "52000028", "nombre": "Genoy" },
                { "codigo": "52699000", "nombre": "Guachavez san cruz" },
                { "codigo": "52000030", "nombre": "Imbili" },
                { "codigo": "52000031", "nombre": "Jose maria hernandez" },
                { "codigo": "52000032", "nombre": "Junin" },
                { "codigo": "52000033", "nombre": "La guayacana" },
                { "codigo": "52000034", "nombre": "Las lajas" },
                { "codigo": "52835031", "nombre": "Llorente" },
                { "codigo": "52000036", "nombre": "Mocondino" },
                { "codigo": "52000037", "nombre": "Obonuco" },
                { "codigo": "52435000", "nombre": "Piedrahancha" },
                { "codigo": "52000039", "nombre": "Pilcuan" },
                { "codigo": "52000040", "nombre": "Pinzon" },
                { "codigo": "52838001", "nombre": "San jose de alban" },
                { "codigo": "52418000", "nombre": "Sotomayor" },
                { "codigo": "52000043", "nombre": "Tangareal carretera" },
                { "codigo": "52000044", "nombre": "Tangareal del mira" }
            ]
        },
        {
            "codigo": "NOR",
            "abreviatura": "NOR",
            "nombre": "Norte de Santander",
            "municipios": [
                { "codigo": "54003000", "nombre": "Abrego" },
                { "codigo": "54051000", "nombre": "Arboledas" },
                { "codigo": "54099000", "nombre": "Bochalema" },
                { "codigo": "54109000", "nombre": "Bucarasica" },
                { "codigo": "54128000", "nombre": "Cachira" },
                { "codigo": "54125000", "nombre": "Cacota" },
                { "codigo": "54172000", "nombre": "Chinacota" },
                { "codigo": "54174000", "nombre": "Chitaga" },
                { "codigo": "54206000", "nombre": "Convencion" },
                { "codigo": "54001000", "nombre": "Cucuta" },
                { "codigo": "54223000", "nombre": "Cucutilla" },
                { "codigo": "54239000", "nombre": "Durania" },
                { "codigo": "54245000", "nombre": "El Carmen" },
                { "codigo": "54250000", "nombre": "El Tarra" },
                { "codigo": "54261000", "nombre": "El Zulia" },
                { "codigo": "54313000", "nombre": "Gramalote" },
                { "codigo": "54344000", "nombre": "Hacari" },
                { "codigo": "54347000", "nombre": "Herran" },
                { "codigo": "54385000", "nombre": "La Esperanza" },
                { "codigo": "54398000", "nombre": "La Playa" },
                { "codigo": "54377000", "nombre": "Labateca" },
                { "codigo": "54405000", "nombre": "Los Patios" },
                { "codigo": "54418000", "nombre": "Lourdes" },
                { "codigo": "54480000", "nombre": "Mutiscua" },
                { "codigo": "54498000", "nombre": "Ocaña" },
                { "codigo": "54518000", "nombre": "Pamplona" },
                { "codigo": "54520000", "nombre": "Pamplonita" },
                { "codigo": "54553000", "nombre": "Puerto Santander" },
                { "codigo": "54599000", "nombre": "Ragonvalia" },
                { "codigo": "54660000", "nombre": "Salazar" },
                { "codigo": "54000010", "nombre": "San bernardo" },
                { "codigo": "54670000", "nombre": "San Calixto" },
                { "codigo": "54673000", "nombre": "San Cayetano" },
                { "codigo": "54680000", "nombre": "Santiago" },
                { "codigo": "54720000", "nombre": "Sardinata" },
                { "codigo": "54743000", "nombre": "Silos" },
                { "codigo": "54800000", "nombre": "Teorama" },
                { "codigo": "54810000", "nombre": "Tibu" },
                { "codigo": "54820000", "nombre": "Toledo" },
                { "codigo": "54871000", "nombre": "Villa Caro" },
                { "codigo": "54874000", "nombre": "Villa Del Rosario" }
            ]
        },
        {
            "codigo": "PUT",
            "abreviatura": "PUT",
            "nombre": "Putumayo",
            "municipios": [
                { "codigo": "86219000", "nombre": "Colon" },
                { "codigo": "86001000", "nombre": "Mocoa" },
                { "codigo": "86320000", "nombre": "Orito" },
                { "codigo": "86568000", "nombre": "Puerto Asis" },
                { "codigo": "86569000", "nombre": "Puerto Caicedo" },
                { "codigo": "86571000", "nombre": "Puerto Guzman" },
                { "codigo": "86573000", "nombre": "Puerto Leguizamo" },
                { "codigo": "86755000", "nombre": "San Francisco" },
                { "codigo": "86757000", "nombre": "San Miguel" },
                { "codigo": "86760000", "nombre": "Santiago" },
                { "codigo": "86749000", "nombre": "Sibundoy" },
                { "codigo": "86885000", "nombre": "Villagarzon" },
                { "codigo": "86000011", "nombre": "El tigre" },
                { "codigo": "86757000", "nombre": "La dorada san miguel" },
                { "codigo": "86865000", "nombre": "La hormiga - valle guamuez" },
                { "codigo": "86000014", "nombre": "Puerto umbria" },
                { "codigo": "86568019", "nombre": "Santana" }
            ]
        },
        {
            "codigo": "QUI",
            "abreviatura": "QUI",
            "nombre": "Quindío",
            "municipios": [
                { "codigo": "63001000", "nombre": "Armenia" },
                { "codigo": "63130001", "nombre": "Barcelona" },
                { "codigo": "63111000", "nombre": "Buenavista" },
                { "codigo": "63130000", "nombre": "Calarca" },
                { "codigo": "63190000", "nombre": "Circasia" },
                { "codigo": "63212000", "nombre": "Cordoba" },
                { "codigo": "63272000", "nombre": "Filandia" },
                { "codigo": "63302000", "nombre": "Genova" },
                { "codigo": "63401000", "nombre": "La Tebaida" },
                { "codigo": "63470000", "nombre": "Montenegro" },
                { "codigo": "63548000", "nombre": "Pijao" },
                { "codigo": "63594000", "nombre": "Quimbaya" },
                { "codigo": "63690000", "nombre": "Salento" }
            ]
        },
        {
            "codigo": "RIS",
            "abreviatura": "RIS",
            "nombre": "Risaralda",
            "municipios": [
                { "codigo": "66045000", "nombre": "Apia" },
                { "codigo": "66075000", "nombre": "Balboa" },
                { "codigo": "66088000", "nombre": "Belen De Umbria" },
                { "codigo": "66170000", "nombre": "Dosquebradas" },
                { "codigo": "66318000", "nombre": "Guatica" },
                { "codigo": "66594002", "nombre": "Irra" },
                { "codigo": "66383000", "nombre": "La Celia" },
                { "codigo": "66400000", "nombre": "La Virginia" },
                { "codigo": "66440000", "nombre": "Marsella" },
                { "codigo": "66456000", "nombre": "Mistrato" },
                { "codigo": "66001000", "nombre": "Pereira" },
                { "codigo": "66572000", "nombre": "Pueblo Rico" },
                { "codigo": "66594000", "nombre": "Quinchia" },
                { "codigo": "66682000", "nombre": "Santa Rosa De Cabal" },
                { "codigo": "66687000", "nombre": "Santuario" },
                { "codigo": "66000011", "nombre": "San clemente" }
            ]
        },
        {
            "codigo": "SAP",
            "abreviatura": "SAP",
            "nombre": "San Andrés, Providencia y Santa Catalina",
            "municipios": [
                { "codigo": "88564000", "nombre": "Providencia" },
                { "codigo": "88564001", "nombre": "Santa Catalina" },
                { "codigo": "88001000", "nombre": "San Andres Isla" }
            ]
        },
        {
            "codigo": "SAN",
            "abreviatura": "SAN",
            "nombre": "Santander",
            "municipios": [
                { "codigo": "68013000", "nombre": "Aguada" },
                { "codigo": "68020000", "nombre": "Albania" },
                { "codigo": "68051000", "nombre": "Aratoca" },
                { "codigo": "68077000", "nombre": "Barbosa" },
                { "codigo": "68079000", "nombre": "Barichara" },
                { "codigo": "68081000", "nombre": "Barrancabermeja" },
                { "codigo": "68092000", "nombre": "Betulia" },
                { "codigo": "68101000", "nombre": "Bolivar" },
                { "codigo": "68001000", "nombre": "Bucaramanga" },
                { "codigo": "68121000", "nombre": "Cabrera" },
                { "codigo": "68132000", "nombre": "California" },
                { "codigo": "68147000", "nombre": "Capitanejo" },
                { "codigo": "68152000", "nombre": "Carcasi" },
                { "codigo": "68160000", "nombre": "Cepita" },
                { "codigo": "68162000", "nombre": "Cerrito" },
                { "codigo": "68167000", "nombre": "Charala" },
                { "codigo": "68169000", "nombre": "Charta" },
                { "codigo": "68176000", "nombre": "Chima" },
                { "codigo": "68179000", "nombre": "Chipata" },
                { "codigo": "68190000", "nombre": "Cimitarra" },
                { "codigo": "68207000", "nombre": "Concepcion" },
                { "codigo": "68209000", "nombre": "Confines" },
                { "codigo": "68211000", "nombre": "Contratacion" },
                { "codigo": "68217000", "nombre": "Coromoro" },
                { "codigo": "68229000", "nombre": "Curiti" },
                { "codigo": "68235000", "nombre": "El Carmen De Chucuri" },
                { "codigo": "68081001", "nombre": "El centro" },
                { "codigo": "68245000", "nombre": "El Guacamayo" },
                { "codigo": "68250000", "nombre": "El Peñon" },
                { "codigo": "68255000", "nombre": "El Playon" },
                { "codigo": "68264000", "nombre": "Encino" },
                { "codigo": "68266000", "nombre": "Enciso" },
                { "codigo": "68271000", "nombre": "Florian" },
                { "codigo": "68276000", "nombre": "Floridablanca" },
                { "codigo": "68296000", "nombre": "Galan" },
                { "codigo": "68298000", "nombre": "Gambita" },
                { "codigo": "68307000", "nombre": "Giron" },
                { "codigo": "68318000", "nombre": "Guaca" },
                { "codigo": "68320000", "nombre": "Guadalupe" },
                { "codigo": "68322000", "nombre": "Guapota" },
                { "codigo": "68324000", "nombre": "Guavata" },
                { "codigo": "68327000", "nombre": "Guepsa" },
                { "codigo": "68344000", "nombre": "Hato" },
                { "codigo": "68368000", "nombre": "Jesus Maria" },
                { "codigo": "68370000", "nombre": "Jordan" },
                { "codigo": "68377000", "nombre": "La Belleza" },
                { "codigo": "68397000", "nombre": "La Paz" },
                { "codigo": "68385000", "nombre": "Landazuri" },
                { "codigo": "68406000", "nombre": "Lebrija" },
                { "codigo": "68418000", "nombre": "Los Santos" },
                { "codigo": "68425000", "nombre": "Macaravita" },
                { "codigo": "68432000", "nombre": "Malaga" },
                { "codigo": "68444000", "nombre": "Matanza" },
                { "codigo": "68464000", "nombre": "Mogotes" },
                { "codigo": "68468000", "nombre": "Molagavita" },
                { "codigo": "68498000", "nombre": "Ocamonte" },
                { "codigo": "68500000", "nombre": "Oiba" },
                { "codigo": "68502000", "nombre": "Onzaga" },
                { "codigo": "68522000", "nombre": "Palmar" },
                { "codigo": "68524000", "nombre": "Palmas Del Socorro" },
                { "codigo": "68533000", "nombre": "Paramo" },
                { "codigo": "68547000", "nombre": "Piedecuesta" },
                { "codigo": "68549000", "nombre": "Pinchote" },
                { "codigo": "68572000", "nombre": "Puente Nacional" },
                { "codigo": "68573000", "nombre": "Puerto Parra" },
                { "codigo": "68575000", "nombre": "Puerto Wilches" },
                { "codigo": "68615000", "nombre": "Rionegro" },
                { "codigo": "68655000", "nombre": "Sabana De Torres" },
                { "codigo": "68669000", "nombre": "San Andres" },
                { "codigo": "68673000", "nombre": "San Benito" },
                { "codigo": "68679000", "nombre": "San Gil" },
                { "codigo": "68682000", "nombre": "San Joaquin" },
                { "codigo": "68684000", "nombre": "San Jose De Miranda" },
                { "codigo": "68686000", "nombre": "San Miguel" },
                { "codigo": "68689000", "nombre": "San Vicente De Chucuri" },
                { "codigo": "68705000", "nombre": "Santa Barbara" },
                { "codigo": "68720000", "nombre": "Santa Helena Del Opon" },
                { "codigo": "68745000", "nombre": "Simacota" },
                { "codigo": "68755000", "nombre": "Socorro" },
                { "codigo": "68770000", "nombre": "Suaita" },
                { "codigo": "68773000", "nombre": "Sucre" },
                { "codigo": "68780000", "nombre": "Surata" },
                { "codigo": "68820000", "nombre": "Tona" },
                { "codigo": "68855000", "nombre": "Valle De San Jose" },
                { "codigo": "68861000", "nombre": "Velez" },
                { "codigo": "68867000", "nombre": "Vetas" },
                { "codigo": "68872000", "nombre": "Villanueva" },
                { "codigo": "68895000", "nombre": "Zapatoca" },
                { "codigo": "68307007", "nombre": "Acapulco" },
                { "codigo": "68000012", "nombre": "La granja" },
                { "codigo": "68000013", "nombre": "Olival" },
                { "codigo": "68000014", "nombre": "Pescadero" },
                { "codigo": "68000015", "nombre": "Puerto araujo" },
                { "codigo": "68000016", "nombre": "Puerto olaya" },
                { "codigo": "68770003", "nombre": "Vado real" }
            ]
        },
        {
            "codigo": "SUC",
            "abreviatura": "SUC",
            "nombre": "Sucre",
            "municipios": [
                { "codigo": "70110000", "nombre": "Buenavista" },
                { "codigo": "70124000", "nombre": "Caimito" },
                { "codigo": "70230000", "nombre": "Chalan" },
                { "codigo": "70204000", "nombre": "Coloso" },
                { "codigo": "70215000", "nombre": "Corozal" },
                { "codigo": "70221000", "nombre": "Coveñas" },
                { "codigo": "70233000", "nombre": "El Roble" },
                { "codigo": "70235000", "nombre": "Galeras" },
                { "codigo": "70265000", "nombre": "Guaranda" },
                { "codigo": "70400000", "nombre": "La Union" },
                { "codigo": "70418000", "nombre": "Los Palmitos" },
                { "codigo": "70429000", "nombre": "Majagual" },
                { "codigo": "70473000", "nombre": "Morroa" },
                { "codigo": "70508000", "nombre": "Ovejas" },
                { "codigo": "70523000", "nombre": "Palmito" },
                { "codigo": "70670000", "nombre": "Sampues" },
                { "codigo": "70678000", "nombre": "San Benito Abad" },
                { "codigo": "70702000", "nombre": "San Juan de Betulia" },
                { "codigo": "70708000", "nombre": "San Marcos" },
                { "codigo": "70713000", "nombre": "San Onofre" },
                { "codigo": "70717000", "nombre": "San Pedro" },
                { "codigo": "70820000", "nombre": "Santiago de Tolu" },
                { "codigo": "70742000", "nombre": "Since" },
                { "codigo": "70001000", "nombre": "Sincelejo" },
                { "codigo": "70771000", "nombre": "Sucre" },
                { "codigo": "70823000", "nombre": "Tolu Viejo" }
            ]
        },
        {
            "codigo": "TOL",
            "abreviatura": "TOL",
            "nombre": "Tolima",
            "municipios": [
                { "codigo": "73024000", "nombre": "Alpujarra" },
                { "codigo": "73026000", "nombre": "Alvarado" },
                { "codigo": "73030000", "nombre": "Ambalema" },
                { "codigo": "73043000", "nombre": "Anzoategui" },
                { "codigo": "73055000", "nombre": "Armero" },
                { "codigo": "73055000", "nombre": "Armero Guayabal" },
                { "codigo": "73067000", "nombre": "Ataco" },
                { "codigo": "73124000", "nombre": "Cajamarca" },
                { "codigo": "73148000", "nombre": "Carmen De Apicala" },
                { "codigo": "73152000", "nombre": "Casabianca" },
                { "codigo": "73168000", "nombre": "Chaparral" },
                { "codigo": "73200000", "nombre": "Coello" },
                { "codigo": "73217000", "nombre": "Coyaima" },
                { "codigo": "73226000", "nombre": "Cunday" },
                { "codigo": "73236000", "nombre": "Dolores" },
                { "codigo": "73268000", "nombre": "Espinal" },
                { "codigo": "73270000", "nombre": "Falan" },
                { "codigo": "73275000", "nombre": "Flandes" },
                { "codigo": "73283000", "nombre": "Fresno" },
                { "codigo": "73319000", "nombre": "Guamo" },
                { "codigo": "73347000", "nombre": "Herveo" },
                { "codigo": "73349000", "nombre": "Honda" },
                { "codigo": "73001000", "nombre": "Ibague" },
                { "codigo": "73352000", "nombre": "Icononzo" },
                { "codigo": "73408000", "nombre": "Lerida" },
                { "codigo": "73411000", "nombre": "Libano" },
                { "codigo": "73443000", "nombre": "Mariquita" },
                { "codigo": "73449000", "nombre": "Melgar" },
                { "codigo": "73461000", "nombre": "Murillo" },
                { "codigo": "73483000", "nombre": "Natagaima" },
                { "codigo": "73504000", "nombre": "Ortega" },
                { "codigo": "73520000", "nombre": "Palocabildo" },
                { "codigo": "73547000", "nombre": "Piedras" },
                { "codigo": "73555000", "nombre": "Planadas" },
                { "codigo": "73563000", "nombre": "Prado" },
                { "codigo": "73585000", "nombre": "Purificacion" },
                { "codigo": "73616000", "nombre": "Rioblanco" },
                { "codigo": "73622000", "nombre": "Roncesvalles" },
                { "codigo": "73624000", "nombre": "Rovira" },
                { "codigo": "73671000", "nombre": "Saldana" },
                { "codigo": "73675000", "nombre": "San Antonio" },
                { "codigo": "73678000", "nombre": "San Luis" },
                { "codigo": "73686000", "nombre": "Santa Isabel" },
                { "codigo": "73770000", "nombre": "Suarez" },
                { "codigo": "73854000", "nombre": "Valle De San Juan" },
                { "codigo": "73861000", "nombre": "Venadillo" },
                { "codigo": "73870000", "nombre": "Villahermosa" },
                { "codigo": "73873000", "nombre": "Villarrica" },
                { "codigo": "73000011", "nombre": "Boqueron" },
                { "codigo": "73000012", "nombre": "Buenos aires" },
                { "codigo": "73000013", "nombre": "Caldas viejo" },
                { "codigo": "73000014", "nombre": "Castilla" },
                { "codigo": "73000015", "nombre": "Chenche asoleado" },
                { "codigo": "73268001", "nombre": "Chicoral" },
                { "codigo": "73000017", "nombre": "Coello - cocora" },
                { "codigo": "73000018", "nombre": "Convenio" },
                { "codigo": "73000019", "nombre": "Doima" },
                { "codigo": "73000020", "nombre": "El limon" },
                { "codigo": "73000021", "nombre": "El tablazo" },
                { "codigo": "73000022", "nombre": "El totumo" },
                { "codigo": "73555002", "nombre": "Gaitania" },
                { "codigo": "73200001", "nombre": "Gualanday" },
                { "codigo": "73616001", "nombre": "Herrera" },
                { "codigo": "73000027", "nombre": "Junin" },
                { "codigo": "73000028", "nombre": "Juntas" },
                { "codigo": "73000029", "nombre": "La arada" },
                { "codigo": "73000030", "nombre": "La chamba" },
                { "codigo": "73000031", "nombre": "La palmita" },
                { "codigo": "73000032", "nombre": "La sierra" },
                { "codigo": "73000033", "nombre": "Olaya herrera" },
                { "codigo": "73000034", "nombre": "Padua" },
                { "codigo": "73000035", "nombre": "Pastales nuevo" },
                { "codigo": "73000036", "nombre": "Pastales viejo" },
                { "codigo": "73000037", "nombre": "Payande" },
                { "codigo": "73000038", "nombre": "Playarrica" },
                { "codigo": "73000040", "nombre": "San felipe" },
                { "codigo": "73000041", "nombre": "Santa teresa" },
                { "codigo": "73000042", "nombre": "Santiago perez" },
                { "codigo": "73000043", "nombre": "Tres esquinas" },
                { "codigo": "73000044", "nombre": "Velu" }
            ]
        },
        {
            "codigo": "VAC",
            "abreviatura": "VAC",
            "nombre": "Valle del Cauca",
            "municipios": [
                { "codigo": "76020000", "nombre": "Alcala" },
                { "codigo": "76036000", "nombre": "Andalucia" },
                { "codigo": "76041000", "nombre": "Ansermanuevo" },
                { "codigo": "76054000", "nombre": "Argelia" },
                { "codigo": "76100000", "nombre": "Bolivar" },
                { "codigo": "76109000", "nombre": "Buenaventura" },
                { "codigo": "76111000", "nombre": "Buga" },
                { "codigo": "76113000", "nombre": "Bugalagrande" },
                { "codigo": "76122000", "nombre": "Caicedonia" },
                { "codigo": "76001000", "nombre": "Cali" },
                { "codigo": "76126000", "nombre": "Calima" },
                { "codigo": "76130000", "nombre": "Candelaria" },
                { "codigo": "76147000", "nombre": "Cartago" },
                { "codigo": "76233000", "nombre": "Dagua" },
                { "codigo": "76243000", "nombre": "El aguila" },
                { "codigo": "76246000", "nombre": "El Cairo" },
                { "codigo": "76130004", "nombre": "El Carmelo" },
                { "codigo": "76248000", "nombre": "El Cerrito" },
                { "codigo": "76250000", "nombre": "El Dovio" },
                { "codigo": "76275000", "nombre": "Florida" },
                { "codigo": "76306000", "nombre": "Ginebra" },
                { "codigo": "76318000", "nombre": "Guacari" },
                { "codigo": "76364000", "nombre": "Jamundi" },
                { "codigo": "76377000", "nombre": "La Cumbre" },
                { "codigo": "76895002", "nombre": "La Paila" },
                { "codigo": "76400000", "nombre": "La Union" },
                { "codigo": "76403000", "nombre": "La Victoria" },
                { "codigo": "76497000", "nombre": "Obando" },
                { "codigo": "76520000", "nombre": "Palmira" },
                { "codigo": "76563000", "nombre": "Pradera" },
                { "codigo": "76606000", "nombre": "Restrepo" },
                { "codigo": "76616000", "nombre": "Riofrio" },
                { "codigo": "76622000", "nombre": "Roldanillo" },
                { "codigo": "76670000", "nombre": "San Pedro" },
                { "codigo": "76736000", "nombre": "Sevilla" },
                { "codigo": "76823000", "nombre": "Toro" },
                { "codigo": "76828000", "nombre": "Trujillo" },
                { "codigo": "76834000", "nombre": "Tulua" },
                { "codigo": "76845000", "nombre": "Ulloa" },
                { "codigo": "76863000", "nombre": "Versalles" },
                { "codigo": "76869000", "nombre": "Vijes" },
                { "codigo": "76130008", "nombre": "Villa Gorgona" },
                { "codigo": "73000045", "nombre": "Villarestrepo" },
                { "codigo": "76890000", "nombre": "Yotoco" },
                { "codigo": "76892000", "nombre": "Yumbo" },
                { "codigo": "76895000", "nombre": "Zarzal" }
            ]
        },
        {
            "codigo": "VAU",
            "abreviatura": "VAU",
            "nombre": "Vaupés",
            "municipios": [
                { "codigo": "97161000", "nombre": "Caruru" },
                { "codigo": "97511000", "nombre": "Pacoa" },
                { "codigo": "97777000", "nombre": "Papunahua" },
                { "codigo": "97666000", "nombre": "Taraira" },
                { "codigo": "97889000", "nombre": "Yavarate" },
                { "codigo": "97000010", "nombre": "Acaricuara" },
                { "codigo": "97000011", "nombre": "Papanaua" },
                { "codigo": "97000012", "nombre": "Tio barbas" }
            ]
        },
        {
            "codigo": "VIC",
            "abreviatura": "VIC",
            "nombre": "Vichada",
            "municipios": []
        }
    ]
}